{
  "import": {
    "prefix": "import",
    "body": [
      "import { $1 } from '$2'"
    ],
    "description": "import {...} from ..."
  },
  "data": {
    "prefix": "data",
    "body": [
      "data() {",
      "\treturn {",
      "\t\t$1",
      "\t}",
      "},$0"
    ],
    "description": "插入 vue2 data实例"
  },
  "setup": {
    "prefix": "$setup",
    "body": [
      "setup($3,$4) {",
      "\t$0",
      "\treturn {",
      "\t\t$1",
      "\t}",
      "},"
    ],
    "description": "插入 vue3 的 setup 方法"
  },
  "defineProps": {
    "prefix": "vp",
    "body": [
      "const props = defineProps({",
      "\t${0:name} : ${1:value}",
      "})"
    ],
    "description": "defineProps element"
  },
  "definePropsWithDefaults": {
    "prefix": "vdp",
    "body": [
      "const props = withDefaults(defineProps({",
      "\t${0:name} : ${1:value}",
      "}), {})"
    ],
    "description": "插入 defineProps"
  },
  "defineEmits": {
    "prefix": "ve",
    "body": [
      "const props = defineEmits([",
      "\t\"$0\"",
      "])"
    ],
    "description": "插入 defineEmits"
  },
  "Methods": {
    "prefix": "v2mthod",
    "body": [
      "methods: {",
      "\t${1:name}() {",
      "\t\t${0}",
      "\t}",
      "},"
    ],
    "description": "插入 vue2 method"
  },
  "Vue3 Computed": {
    "prefix": "v2comp",
    "body": [
      "const ${1:name} = computed(() => {})"
    ],
    "description": "插入 vue3 computed"
  },
  "Computed": {
    "prefix": "v2comp",
    "body": [
      "computed: {",
      "\t${1:name}() {",
      "\t\treturn this.${2:data} ${0}",
      "\t}",
      "},"
    ],
    "description": "插入 vue2 computed"
  },
  "console.log": {
    "prefix": "cl",
    "body": [
      "console.log(`output->${0}`,${0:name})"
    ],
    "description": "快速打印日志"
  }
}
