{
  "Vue3 ts": {
    "prefix": "vts",
    "body": [
      "<template>",
      "\t<div></div>",
      "</template>\n",
      "<script lang=\"ts\">",
      "import { defineComponent } from 'vue';\n",
      "export default defineComponent({",
      "\tsetup() {$1",
      "\t\treturn {};",
      "\t}",
      "});",
      "</script>",
      "\n<style lang=\"less\" scoped></style>\n"
    ],
    "description": "Vue3 ts setup 起手式"
  },
  "Vue3 ts setup": {
    "prefix": "vtss",
    "body": [
      "<template>",
      "\t<div></div>",
      "</template>\n",
      "<script setup lang=\"ts\">",
      "import { ref, onMounted } from 'vue';\n",
      "const props = defineProps<{}>();\n",
      "</script>\n",
      "<style lang=\"less\" scoped></style>\n"
    ],
    "description": "Vue3 ts setup 起手式"
  },
  "template": {
    "prefix": "template",
    "body": [
      "<template>",
      "\t<div$2>",
      "\t\t$0",
      "\t</div>",
      "</template>"
    ],
    "description": "template模版"
  },
  "script": {
    "prefix": "script",
    "body": [
      "<script setup lang=\"ts\">",
      "\t$0",
      "</script>"
    ],
    "description": "插入 Vue3 script with setup and tslang"
  },
  "style": {
    "prefix": "style",
    "body": [
      "<style lang=\"$0\" scoped>",
      "\t",
      "</style>"
    ],
    "description": "插入 Vue3 style element with lang attribute"
  },
  "styleCss": {
    "prefix": "css",
    "body": [
      "<style scoped>",
      "\t$0",
      "</style>"
    ],
    "description": "插入 scoped css style"
  },
  "styleScss": {
    "prefix": "scss",
    "body": [
      "<style lang=\"scss\" scoped>",
      "\t$0",
      "</style>"
    ],
    "description": "插入 scoped Scss style"
  },
  "styleSass": {
    "prefix": "sass",
    "body": [
      "<style lang=\"sass\" scoped>",
      "\t$0",
      "</style>"
    ],
    "description": "插入 scoped Sass style"
  },
  "styleLess": {
    "prefix": "less",
    "body": [
      "<style lang=\"less\" scoped>",
      "\t$0",
      "</style>"
    ],
    "description": "插入 scoped Less style"
  }
}
